absinthe	
vodka	
acai berry tea	
accent flavor enhancer	
achiote paste	
yeast	
chili powder	
adobo powder	
adobo sauce	
agave nectar	
basmati rice	
rum	
agricole rum	
aguardiente	
ajvar	
pitted cherry tomato	
alfredo sauce	
flour	
all spice powder	
allspice	
almond	
almond butter	
almond extract	
almond milk	
almond paste	
amaretto	
amaretto liqueur	
amaro	
american cheese	
ancho chile powder	
ancho chile	
anchovy	
anchovy fillet	
carrot	
butternut squash	
eggplant	
potato	
shallot	
angostura bitters	
anise	
anise seed	
aperol	
apple	
apple cider	
apple cider vinegar	
apple filling	
apple juice	
applejack	
applesauce	
apricot brandy	
apricot glaze	
apricot jam	
preserves	
apricot	
arborio rice	
areparina	
artichoke heart	
arugula	
fish sauce	
toasted sesame oil	
asparagus	
focaccia	
salami	
fish	
swiss chard	
mexican rice	
avocado	
avocado coconut	
avocado oil	
mushroom	
bok choy		
spinach	
bacon	
coleslaw mix	
lentil	
reeses chocolate pieces	
tortellini	
baguette	
baileys irish cream	
baked beans	
cookie	
baking chocolate	
russet potato	
baking powder	
baking soda	
balsamic glaze	
balsamic vinegar	
banana	
sausage	
barbecue sauce	
barley	
milk chocolate	
milky way bar	
basil	
pesto	
bay leaf	
bbq sauce	
bean	
bean sprout	
beef	
beef bouillon	
bouillon base	
beef brisket	
beef broth	
beef chuck	
beef chuck roast	
top blade	
beef fillet	
beef marrow bone	
beef meatball	
beef stock	
beef roast	
beef shank	
beef shoulder	
beef skirt steak	
beef stew meat	
beer	
beet	
belgian beer	
bell pepper	
bellflower roots	
benedictine	
berry	
okra	
lettuce	
bihon noodles	
custard powder	
bisquick	
yellow potato	
bittersweet chocolate	
black beans	
black pepper	
black pepper	
peppercorn	
black pudding	
blackberry	
vermouth	
snap pea	
tequila	
scotch	
scotch whisky	
cream cheese	
feta cheese	
ramen noodles		
blue cheese	
blue cheese dressing	
blueberry	
almond flour	
egg	
bologna	
chicken leg	
pork butt	
chicken	
chicken breast	
pork loin chop	
pork roast	
pork shoulder	
chicken thigh	
whipped cream	
cevapi	
dry red wine	
red food color	
bouillon cube	
bouillon paste	
bouquet garni	
bourbon	
bourbon whiskey	
phyllo dough	
brandy	
bratwurst	
bread	
bread crumbs	
bread flour	
breadcrumb	
turkey sausage		
brine	
malt vinegar	
broad bean	
broccoli	
broth	
brown rice	
mushroom gravy	
onion	
brown sugar	
brownie	
buckwheat	
buckwheat flour	
buffalo wing sauce	
hot sauce			
dill	
cilantro	
green onion	
parsley	
bun	
burger	
butter	
cooking spray	
shortening	
puff pastry	
butter sponge	
turkey	
buttermilk	
buuz filling	
wrappers	
cabbage	
cachaca	
caerphilly	
caesar mix	
caesar rim seasoning	
cajeta	
cajun seasoning	
cake	
cake flour	
cake layer	
calamari	
red bean	
campari	
black olive	
chickpea	
energy drink	
coconut milk	
condensed cream of mushroom soup	
condensed milk	
corn	
cream of celery soup	
cream of chicken soup	
cream of mushroom soup	
creamstyle corn	
crushed pineapple	
crushed tomatoes	
dark beer	
evaporated milk	
fire roasted tomato	
green chile pepper	
green chile	
jalapeno pepper	
kidney bean	
lowsodium chicken broth	
enchilada sauce	
pinto bean	
red enchilada sauce	
snail	
sweet corn		
tomato	
tomato sauce	
tomatoes	
canadian bacon		
candied ginger	
candy eyes	
candy melts	
candy sprinkles	
cane sugar	
canned cannelini beans	
green chili	
cannellini beans	
red kidney bean	
chili	
pineapple slices	
pumpkin puree	
sweet pea	
canned hominy	
canola oil	
mayonnaise	
chicken broth	
condensed cream of chicken soup	
green chili pepper	
tomato paste	
cantaloupe		
apple spice	
caramel ice cream topping	
caramel sauce	
caramel	
caraway	
caraway seed	
cardamom		
carne asada	
carpano antica formula	
cashew nut	
cashew	
sugar	
caster sugar	
cauliflower	
cayenne	
cayenne pepper	
celeriac	
celery	
celery salt	
celery seed	
sandwich roll		
chambord	
chamomile liqueur	
honey mix	
champagne	
flour tortilla	
pork belly	
cheddar cheese	
cheddarjack cheese	
cheese	
cheese filling	
tortilla chip	
cheesecake batter	
cheesecake layer	
cherry	
cherry liqueur	
cherry syrup	
cherry sauce	
cherry tomato	
chestnut mushroom	
chia seed	
chianti	
chicken stock	
bouillon	
chicken bouillon		
pasta	
chicken sausage	
chicken tenderloin	
chicken wing	
chicken wings	
chickpea flour	
chile	
chili garlic sauce	
chili in adobo	
chili paste	
sambal oelek	
chili pepper	
prosecco	
chili flakes	
chilli	
rice vinegar	
chipotle chile in adobo	
chipotle chili powder	
chipotle salsa	
chive		
chocolate	
chocolate bark	
chocolate chip	
cookie crunchies	
chocolate cream filling	
chocolate fudge	
chocolate glaze	
graham cracker	
chocolate sauce	
chocolate syrup	
chocolate wafers		
chuck	
chuck roast	
peanut butter	
cider vinegar	
cinnamon	
cinnamon dolce syrup	
honey butter	
cinnamon sugar	
cinnamon whiskey	
clamato juice	
clarified butter	
rice paper	
clove	
garlic	
club soda	
unflavored sparkling water	
salt	
mustard	
coarse salt	
cornmeal	
gruyere	
pepper	
cocoa powder	
coconut aminos	
coconut avocado	
coconut	
coconut flour	
coconut oil	
cod	
coffee	
coffee liqueur	
cognac	
cointreau	
cola	
cold brew coffee	
cold brew	
heavy cream	
milk	
beef consomme	
powdered sugar	
confectioners sugar	
consommé	
mascarpone cheese	
chocolate ice cream	
yogurt	
vanilla ice cream	
whipped topping	
rice	
corned beef	
ham	
shrimp	
yukon gold potato	
cookie dough	
pudding mix	
chorizo	
oil	
cool whip	
coriander	
coriander powder	
coriander seed	
corn oil	
corn starch	
corn syrup	
tortilla	
cornflour	
cornflour corn starch	
pickled gherkins		
cottage cheese	
salmon	
french bread	
zucchini	
couscous	
crab cake	
crab stick	
cracked rye	
cracked wheat	
cracker	
fat	
cranberry	
cranberry juice	
jam	
cream	
cream cheese frosting	
cream of coconut	
cream of tartar	
mushroom paste	
half and half	
dijon sauce	
creme de cassis	
creme de menthe	
creme de mure	
creme fraiche	
cremini mushroom	
creole seasoning	
crescent roll	
crimini mushroom	
cassis liqueur	
crème de violette	
crouton	
cotija	
cotija cheese	
feta	
nori	
queso fresco	
cornflake	
garlic	
peanuts	
red pepper	
saltine crackers		
crust	
cucumber	
cumin	
cumin powder	
cumin seed	
curd	
currant	
currants	
curry	
ketchup	
curry leaf	
curry powder	
dark chocolate	
pimento aromatic bitters	
rye bread	
dark brown sugar	
frosting	
dark creme de cacao	
dark german lager	
dark rum	
raisin	
soy sauce	
grenadine	
red pepper flakes	
dash paprika	
yellow cake mix	
dashi	
dashi granules	
dashi powder	
dashi stock	
date	
day-old bread	
lomo adobado	
queso	
demerara sugar	
syrup	
demorara syrup	
desiccated coconut	
strawberry	
dijon dill sauce	
dijon mustard	
pickle juice	
dill pickle relish	
dill sprigs		
distilled white vinegar	
doner kebabs	
double cream	
dough	
drambuie	
frickadeller drippings	
madeira	
mexican cheese	
mexican oregano	
milk powder	
dry mustard	
mustard powder	
oregano	
ranch salad dressing mix	
red wine	
sherry	
spaghetti	
white wine	
dry white wine	
macaroni	
ziti pasta	
dulce de leche	
cooking liquid	
dumpling dough	
dumpling	
dutch sausage	
rookworst	
cocoa	
garlic powder	
paprika	
peanut oil	
plain flour	
rosemary	
edamame	
maris piper potato	
egg noodle	
egg wash	
egg white	
egg yolk	
marrow bone	
elderflower cordial	
emmentaler cheese	
emmentaler	
emmenthaler cheese	
escarole	
mezcal	
espresso	
espresso powder	
everything bagel seasoning	
tofu	
falernum	
farmer cheese	
fennel	
fennel seed	
fenugreek seed	
beanandchili paste	
fernet branca	
fernetbranca	
tabasco	
worcestershire sauce	
fig jam	
fillet	
filo pastry dough	
sea salt	
fish cake	
flageolets	
pie crust	
flank steak	
flatbread	
flax seed	
flaxseed meal	
pita bread	
jagermeister	
coconut flavored rum	
fontina	
rose water	
framboise raspberry liqueur	
buffalo sauce	
parmesan	
french garlic sausage	
vinaigrette	
lemon zest	
nutmeg	
ginger	
parmesan cheese	
parmigiano reggiano cheese	
parmigianoreggiano	
pecorino	
lemon juice	
lime juice	
key lime juice	
orange juice	
gravy	
frankfurter	
frisee	
beef ravioli	
borlotti bean	
broccoli floret	
burgerstyle crumbles	
hash brown potato	
hash browns	
pea	
mango	
peach	
pineapple	
ravioli	
vegetable	
strawberry spread	
ganache	
fudge sauce	
pulled pork	
italianstyle chicken sausage	
chicken mince	
lasagna noodle	
galliano	
ganci	
garam masala	
stuffing	
garlic chives	
garlic paste	
mayo	
toast	
garni	
brandied cherry	
gelatin	
genever	
george dickel rye whiskey	
pickles	
ghee	
gherkin	
gin	
ginger ale	
ginger beer	
ginger garlic paste	
ginger snap cookie	
gingerscallion sauce	
glace cherry		
rolled oats	
gochugaru	
gochujang	
gochujang paste	
godiva chocolate liqueur	
golden graham cereal	
golden syrup	
goslings	
graham cracker crumbs	
graham cracker crust	
white rice	
grand marnier	
brown sauce	
granola	
grapefruit juice	
soda	
grapeseed oil	
grass stalk	
gravy browning	
olive	
greek yogurt	
green bean	
green pepper	
chartreuse	
food coloring	
green food coloring	
green pea	
green peppercorn sauce	
green peppercorns	
gruyere cheese	
gruyère	
swiss cheese	
guacamole	
guajillo chili powder	
guinness beer	
guinness stout	
habanero	
haggis	
urad dal	
halfandhalf	
mini mozzarella ball	
hamburger bun	
radish	
hanger	
taco shell	
hash brown	
iceberg lettuce	
pickled cabbage	
whipping cream	
heavy whipping cream	
heering cherry liqueur	
hemp seed	
herbes de provence				
herbsaint	
herring	
pork sausage	
hoisin	
hoisin sauce	
hollandaise sauce	
spätzle	
shortcrust pastry	
taco seasoning	
honey	
honey mustard dipping sauce	
honeycrisp apple	
honeyginger syrup	
horseradish	
horseradish sour cream	
black tea	
hot chocolate	
hot chocolate mix	
noodle	
hot dog relish	
italian sausage	
meat stock	
paprika powder	
hot pepper paste	
hot pepper sauce	
red pepper	
refried beans		
hummus	
sweet paprika	
ice cream	
icing	
icing sugar	
sour cream		
kelp	
rice paper wrapper	
instant coffee		
irish whiskey	
cheese blend	
italian dressing	
salad dressing	
italian sandwich bread	
panko bread crumbs	
italian seasoning	
italian seasoning blend	
stewed tomatoes	
seasoned breadcrumbs		
jalapeño	
ranch		
overproof white rum	
jameson irish whiskey	
salsa verde	
marinara sauce	
jasmine rice	
green papaya	
sun tomato	
biscuit	
juniper berry	
kahlua coffee liqueur		
kalamata olive	
kale	
chicken heart	
chicken liver	
kasuri methi	
kaymak	
kefir	
khinkali dough	
khinkali filling	
kimchi	
kimchi juice	
kirsch	
kiwi	
korean curry powder	
korean dumplings	
korean pepper flakes	
korean chili flakes	
perilla	
rice cake	
kosher salt	
table salt	
lamb	
lard	
pancetta	
lasagna noodles	
laverbread		
lean beef	
pork	
leaf	
leek	
macaroni and cheese	
lemon	
lemon glaze	
lemon peel	
lemon pepper	
lemon pepper seasoning	
lemon rind	
lemonade	
muscovado sugar	
baby spinach	
flax seeds	
lillet blanc	
lime	
lime wedges	
linguine	
linguine pasta	
linseed	
lemonlime flavored carbonated beverage	
lox	
crabmeat	
luxardo apricot liqueur	
luxardo maraschino liqueur	
macaroni salad dressing	
mace		
malt syrup	
malted drink powder	
mango hot sauce	
mango juice	
maple extract	
maple syrup	
maraschino cherry	
maraschino liqueur	
maraschino	
margarine	
plain biscuit	
marjoram	
marmite	
marrow bones	
marshmallow cream	
marshmallow fluff	
marshmallow	
marzipan	
masa harina	
masala spice mix	
mascarpone	
matcha powder	
meat patty	
meat sauce		
meatball	
meatloaf sauce	
meringue	
mexican blend cheese	
buuelos	
crema	
milk chocolate chips	
milk chocolate morsels	
mms	
pepperoni	
Reese's piece	
mint	
mint extract	
tapioca	
mirin	
miso paste	
miso	
baby greens	
mixed spice	
molasses	
monterey jack	
monterey jack cheese	
mozzarella	
bocconcini	
mozzarella cheese	
mrs dash	
monosodium glutamate	
muenster cheese	
mung bean sprout	
mussel	
mustard seed	
mutton	
naan bread	
naan	
nacho cheese sauce	
natural salted peanut butter	
neufchatel cheese	
cooking oil	
neutral-flavored oil	
vegetable oil	
dry milk	
noodles	
nutella	
nutritional yeast flakes	
nut	
oatmeal	
oat	
champagne prosecco or cava	
tripe	
copenhagen street dog	
duck leg confit	
fried onion	
tilapia	
hazelnut	
hungarian paprika	
manchego cheese	
cinnamon stick	
pearl onion	
piloncillo	
prosciutto	
pumpkin seed	
guanciale	
thyme	
vanilla extract	
veal shoulder	
white bean	
salsa	
taco seasoning mix	
old tom gin		
beef rump roast	
lager	
tomato puree	
beef tenderloin	
onion powder	
red onion	
onion salt	
onion soup mix	
birds eye chilli	
tteok	
green olive	
oyster	
peri peri sauce	
tagliatelle pasta		
veal steak	
white pepper	
orange	
orange bitters	
curacao	
orange flower water	
orange liqueur	
orange peel	
orange vodka	
orange zest	
orecchiette	
oreo crumb	
orgeat	
orgeat syrup	
orzo	
ouzo	
oyster sauce	
active dry yeast	
cheese tortellini	
sugarfree instant pudding mix	
butterscotch pudding mix	
corn husk	
chocolate sandwich cookie	
frozen corn	
tater tot	
philadelphia cream cheese	
silken tofu	
instant vanilla pudding mix	
strawberry flavored jello mix	
pad thai sauce	
palm sugar	
pancake mix	
panko	
panko breadcrumb	
pappardelle	
parsley sauce	
parsnip	
ricotta cheese	
passion fruit	
passion tea	
pasta sheets	
pasta shells	
pastry	
pastry dough	
pastry roll	
peach puree	
peach schnapps	
candy	
peanut butter chip	
peanut butter frosting	
peanut	
pear	
pecan	
pecorino cheese	
pecorino romano	
pecorino romano cheese	
penne	
penne pasta	
pepper in adobo sauce	
pepper jack	
pepper jack cheese	
peppermint extract	
pepperoncini	
persimmon	
peychauds bitters	
pickle	
pickled baby corn	
beet juice	
pickled cucumber	
pickled ginger		
pickled jalapeño	
pickled red onion	
pico de gallo	
pie dough	
pie lid	
english cucumber	
slab bacon	
pig	
dinner roll	
piloncillo syrup	
pimm's	
asafetida	
mignonette	
pepper flakes	
sage	
shichimi togarashi	
pine nut	
pineapple juice	
steelcut oatmeal	
curing salt	
pinto beans	
piquin pepper puree	
pisco	
pistachio	
pita	
pizza sauce	
fava bean	
plain yogurt	
plum	
poblano chile	
poblano pepper	
poha	
pomegranate juice	
pomegranate seed	
popcorn	
poppy seed filling	
poppy seed	
porcini mushroom	
porcini	
pork broth	
pork chop	
pork cutlet	
pork fat	
pork lard	
pork mince	
pork rib	
pork rind	
pork shank	
pork skin	
pork steak	
pork thigh	
port	
port wine	
porter beer	
potato starch	
potato topping	
poultry seasoning	
vegetable bouillon powder	
prawn	
cherry pie filling	
gnocchi	
ranch dressing	
pretzel dough	
demerara rum	
protein powder	
provolone	
provolone cheese	
pudding	
puff pastry sheets	
pumpkin pie spice	
pumpkin seed oil	
quark	
quinoa	
raclette cheese	
radicchio	
ramen noodle	
ranch dressing mix	
ranch seasoning	
raspberry	
raspberry jam	
raspberry liqueur	
raspberry schnapps	
raspberry syrup	
steak	
raw sugar	
mini dumpling	
bacon bits	
reblochon cheese	
red bell pepper	
red cabbage	
red chili powder	
red chili	
red curry paste	
red food coloring	
red potato	
rhubarb	
red split lentil	
baking yeast	
red wine vinegar	
biscuit baking mix	
italian salad dressing	
mexican cheese blend	
vegetable broth	
biscuit dough	
cinnamon roll	
pillsbury grands southern homestyle buttermilk biscuit	
remoulade	
rib	
ribeye steak	
rice krispie	
short grain rice	
rice noodle	
rice vermicelli noodle	
rice wine	
rice wine vinegar	
simple syrup	
ricotta	
plantain	
fingerling potato	
rollmops	
cardamom powder	
rotini	
roux	
rutabaga	
rye flour	
rye	
rye whiskey	
saffron rice	
saffron	
sake	
salad greens	
salmon fillet	
roe	
butterfish	
aioli	
bruschetta	
sauerkraut	
savoy cabbage	
sazon	
schezwan sauce		
seaweed seasoning	
mandarin	
seed	
selfraising flour	
selfrising flour	
semisweet chocolate	
semisweet chocolate chips	
semolina	
sesame dressing	
sesame oil	
sesame seed	
jeera	
walnut	
whole wheat berry	
shells	
sherry vinegar	
shiro miso	
short grain white rice	
elbow macaroni	
shortcrust pastry sheet	
shortrib	
shoulder of mutton	
single cream	
skirt steak	
sourdough bread	
pullman	
spam	
bacon lardons	
haddock	
smoked paprika	
smoked ham	
smoked salmon	
smoked sausage	
kielbasa	
grappa	
snow pea	
soba noodle	
soda water	
rice bran oil		
sourdough	
turnip	
soy milk	
spaghetti sauce	
sparerib	
sparkling mineral water	
sparkling wine	
spiced rum	
split green pea	
wonton wrapper	
vanilla biscuit	
sriracha	
sriracha powder	
ssam sauce	
star anise	
steak spice	
steel cut oats	
sticky toffee topping	
stir fry sauce	
stock cube	
strawberry jam	
strawberry sauce	
white flour	
stuffing mix	
sumac	
sunflower oil	
sunflower seed	
sushi rice	
sweet and sour mix	
sweet chili sauce	
pickle relish	
sweet italian sausage	
sweet potato	
sweetcorn	
coconut flakes	
sweetened condensed milk	
sweetened coconut	
tabasco sauce	
vanilla syrup	
taco soup	
taco spice blend	
tahini	
taleggio cheese	
tamari	
tamarind juice	
tapioca flour	
tapioca starch	
taro leaf	
tarragon	
tartlet shell	
tea	
tea cake	
biryani masala powder	
fruit juice	
mixed spring greens	
teriyaki sauce	
thai beef salad marinade	
thai chili	
curry paste	
thai sweet chili sauce	
orange juice concentrate	
honey aleppo sauce	
picadillo	
thigh	
scallion	
curry sauce	
tilapia fillet	
burger bun	
quinoa flour	
tomato juice	
pasta sauce	
tonic water	
tonkatsu sauce	
top sirloin	
top sirloin steak	
triple sec	
tritip roast	
turkey meat	
turkey thigh	
turmeric	
turmeric powder	
all-purpose flour	
long grain white rice	
pork sparerib	
unsalted butter	
unsweetened chocolate	
guarana	
vanilla	
vanilla bean	
vanilla paste	
vanilla bean paste	
vanilla custard	
vanilla frosting	
vanilla sugar	
veal	
veal cutlet	
veal stock	
vegeta	
bouillon powder	
canola	
vegetable shortening	
vegetable stock	
velveeta	
velveeta cheese	
green salsa	
almond flourmeal	
vinegar	
walnut filling	
pit bread	
winter greens	
water chestnut	
wheat flour	
whiskey	
whisky sauce	
white balsamic vinegar	
cannelini bean with juice	
cheddar cheese curds	
white chocolate chips	
white chocolate liqueur	
creme de cacao	
white granulated sugar	
grape juice	
white grapes	
white rum	
bread	
white sauce	
white vinegar	
white whole wheat flour	
white wine vinegar	
black peppercorn	
cranberry sauce	
whole peppercorns	
plum tomato	
whole wheat flour	
wholemeal flour	
wild rice blend	
brick cheese	
chardonnay	
cake mix	
yogurt sauce	
yolk	
zacapa rum		
lime zest	
capers	
ziti
chocolate vodka
vanilla vodka
marshmallow vodka
whipped cream vodka
creme de cassis
triple sec
navy rum
chinkiang vinegar
colby jack cheese
mexican blend cheese
parmesan cheese
vegetable broth
vegetable stock
canola oil
vegetable oil
maple syrup
honey
thyme
rosemary
sumac
white pepper
heavy cream
half and half
greek yogurt
white rice
brown rice
gluten free flour
beef mince
lamb mince
turkey breast
pork belly
pork loin
semisweet chocolate
chocolate chips
bittersweet chocolate
alcaparrado
olive oil
vegetable oil
canola oil
peanut oil
grapeseed oil
sunflower oil
rice bran oil
sesame oil
toasted sesame oil
apple cider vinegar
white vinegar
white wine vinegar
rice vinegar
balsamic vinegar
white balsamic vinegar
malt vinegar
